,Symbol,Market,Name,Sector,Industry,ListingDate,SettleMonth,Representative,HomePage,Region
49,282330,KOSPI,BGF리테일,종합 소매업,체인화 편의점,2017-12-08,12월,이건준,http://www.bgfretail.com,서울특별시
50,138930,KOSPI,BNK금융지주,기타 금융업,금융지주회사,2011-03-30,12월,김지완,http://www.bnkfg.com,부산광역시
54,001040,KOSPI,CJ,기타 금융업,지주회사,1973-06-29,12월,"손경식, 김홍기",http://www.cj.net,서울특별시
55,079160,KOSPI,CJ CGV,"영화, 비디오물, 방송프로그램 제작 및 배급업","영화상영,영화관 운영",2004-12-24,12월,허민회,http://www.cgv.co.kr,서울특별시
58,000120,KOSPI,CJ대한통운,도로 화물 운송업,"Contract Logistics, 포워딩, 항만하역, 해운, 택배국제특송, SCM Consulting",1956-07-02,12월,강신호,http://www.cjlogistics.com,서울특별시
62,097950,KOSPI,CJ제일제당,기타 식품 제조업,"설탕,소맥분,조미식품,육가공식품(돈육,돼지비계,돼지식용설육),대두가공식품,사료,의약품,생활화학제품 제조,도매,무역/통신판매",2007-09-28,12월,"손경식, 최은석 (각자 대표이사)",http://www.cj.co.kr,서울특별시
76,005830,KOSPI,DB손해보험,보험업,"자동차보험,화재보험,해상보험,특종보험,장기보험",1973-06-28,12월,김정남,http://www.idbins.com,서울특별시
77,000990,KOSPI,DB하이텍,반도체 제조업,반도체 제조,1975-12-12,12월,최창식,http://www.dbhitek.co.kr,경기도
81,000210,KOSPI,DL,기타 금융업,지주회사,1976-02-02,12월,배원복,http://www.dlholdings.co.kr,서울특별시
84,375500,KOSPI,DL이앤씨,토목 건설업,토목 건설 사업,2021-01-25,12월,마창민,,서울특별시
99,007700,KOSPI,F&F홀딩스,봉제의복 제조업,"스포츠웨어(골프웨어) 제조/도서출판(단행본,유아/아동전집류(아인슈타인시리즈),잡지)/이천고속도로휴게소/문구사무용품,수입의류 판매,소매",1984-10-04,12월,박의헌,http://www.fnf.co.kr,서울특별시
110,114090,KOSPI,GKL,유원지 및 기타 오락관련 서비스업,카지노,2009-11-19,12월,김영산,http://www.grandkorea.com,서울특별시
112,078930,KOSPI,GS,기타 금융업,지주회사/부동산 임대,2004-08-05,12월,"허태수, 홍순기 (각자 대표이사)",,서울특별시
114,006360,KOSPI,GS건설,건물 건설업,"토목공사,건축공사,주택공사,산업플랜트공사,리모델링공사,시설물유지관리공사/산업설비설계,감리 용역,수출입/에너지관리 진단,연구개발",1981-08-03,12월,"허창수, 임병용(각자 대표이사)",http://www.gsconst.co.kr/,서울특별시
116,007070,KOSPI,GS리테일,종합 소매업,"체인화 편의점,슈퍼마켓,마트,전자상거래/부동산(빌딩) 임대",2011-12-23,12월,"허연수, 김호성",http://www.gsretail.com,서울특별시
147,294870,KOSPI,HDC현대산업개발,건물 건설업,"외주주택, 자체공사, 일반건축, 토목 등",2018-06-12,12월,"권순호, 정경구",http://www.hdc-dvp.com,서울특별시
152,011200,KOSPI,HMM,해상 운송업,"정기,부정기,전용선,콘테이너선,자동차선,LNG선 해운",1995-10-05,12월,배재훈,http://www.hmm21.com,서울특별시
1261,105560,KOSPI,KB금융,기타 금융업,-,2008-10-10,12월,윤종규,http://www.kbfg.com,서울특별시
1268,002380,KOSPI,KCC,기타 화학제품 제조업,"건축용단열재,내외장재,스레트,밤라이트,암면,석고보드,판유리 제조",1973-06-25,12월,"정몽진, 민병삼",http://www.kccworld.co.kr,서울특별시
1279,016380,KOSPI,KG동부제철,1차 철강 제조업,"철강재(냉연강판,아연도강판,칼라강판,석도강판,선재류,강관,형강,봉강),비철금속 제조,도매",1986-02-03,12월,박성희,http://www.kgdongbusteel.co.kr,서울특별시
1497,030200,KOSPI,KT,전기 통신업,"유무선통신사업,공중전기통신사업,인터넷,전자상거래,네트워크(전용회선,데이터통신,초고속사업 등)",1998-12-23,12월,구현모,http://www.kt.com,경기도
1498,033780,KOSPI,KT&G,담배 제조업,"잎담배,제조담배,홍삼,홍삼제품 제조,판매",1999-10-08,12월,"Baek, Bok-In",http://www.ktng.com,대전광역시
1505,003550,KOSPI,LG,기타 금융업,지주회사,1970-02-13,12월,"구광모, 권영수",http://www.lg.co.kr,서울특별시
1506,034220,KOSPI,LG디스플레이,전자부품 제조업,액정표시장치(TFT-LCD) 제조,2004-07-23,12월,정호영,http://www.lgdisplay.com,서울특별시
1507,051900,KOSPI,LG생활건강,기타 화학제품 제조업,"화장품,생활용품 제조,도매",2001-04-25,12월,차 석 용,http://www.lgcare.com,서울특별시
1510,032640,KOSPI,LG유플러스,전기 통신업,"개인휴대통신서비스,음성서비스,데이터서비스,부가통신/단말기 도소매/프로그램 개발,자료제공",2008-04-21,12월,황현식,http://www.uplus.co.kr,서울특별시
1511,011070,KOSPI,LG이노텍,전자부품 제조업,기타 전자부품 제조업,2008-07-24,12월,정철동,http://www.lginnotek.co.kr,서울특별시
1512,066570,KOSPI,LG전자,통신 및 방송 장비 제조업,"이동통신단말기,C-TV,V.C.R.,컴퓨터,완전평면 TV,플라즈마 디스플레이 패널 TV,전자제품(세탁기외),CDMA(코드분할다중접속)이동통신,전자교환기,전송기기",2002-04-22,12월,"권봉석, 배두용",http://www.lge.co.kr,서울특별시
1515,051910,KOSPI,LG화학,기초 화학물질 제조업,"유화/기능/합성수지,재생섬유소,산업재,리튬이온전지,평광판,PVC 제조,도매",2001-04-25,12월,신학철,http://www.lgchem.com,서울특별시
1517,079550,KOSPI,LIG넥스원,무기 및 총포탄 제조업,정밀유도무기 등,2015-10-02,12월,김지찬,http://www.lignex1.com,경기도
1518,006260,KOSPI,LS,기타 금융업,"전력용전선,일반전선,통신케이블,동선,알루미늄선,공조기,프라스틱사출성형기 제조,도매",1977-06-30,12월,이광우,http://www.lsholdings.co.kr,서울특별시
1519,010120,KOSPI,LS ELECTRIC,"전동기, 발전기 및 전기 변환 · 공급 · 제어 장치 제조업","고압기기,저압기기,변압기,배전반,PLC,인버터,빌딩설비,공조기,건축배관,자동화기기 제조,동가공",1994-07-11,12월,"구자균, 박용상, 남기원",http://www.ls-electric.com,경기도
1523,001120,KOSPI,LX인터내셔널,상품 중개업,"전자,기계,화공,유류.금속,의류 수출입,도소매",1976-01-30,12월,윤춘성,http://www.lxinternational.co.kr,서울특별시
1524,108670,KOSPI,LX하우시스,플라스틱제품 제조업,"창호재, 자동차부품 등",2009-04-20,12월,"강계웅, 강인식",http://www.lghausys.com,서울특별시
1526,383800,KOSPI,LX홀딩스,기타 금융업,지주회사,2021-05-27,12월,"구본준, 송치호",http://www.lxholdings.co.kr,서울특별시
1529,035420,KOSPI,NAVER,"자료처리, 호스팅, 포털 및 기타 인터넷 정보매개 서비스업",포털 서비스 및 온라인 광고,2008-11-28,12월,한성숙,http://www.navercorp.com,경기도
1775,005940,KOSPI,NH투자증권,금융 지원 서비스업,"증권업,종합금융",1975-09-30,12월,정영채,http://www.nhqv.com,서울특별시
1783,010060,KOSPI,OCI,기초 화학물질 제조업,"타르제품,카본블랙,무수프탈산,농약원제,석탄화학제품,정밀화학제품,플라스틱창호재 제조,판매",1985-07-09,12월,"백우석, 이우현, 김택중(3인, 각자 대표이사)",http://www.oci.co.kr,서울특별시
1787,005490,KOSPI,POSCO,1차 철강 제조업,"열연코일,냉연강판,후판,선재,스테인리스 제조",1988-06-10,12월,"대표이사 회장 최정우, 대표이사 사장 김학동, 대표이사 부사장 전중선",http://www.posco.co.kr,경상북도
1805,010950,KOSPI,S-Oil,석유 정제품 제조업,"석유제품,가스,윤활기유,윤활유,그리스,석유화학제품 제조,도매",1987-05-27,12월,Hussain A.Al-Qahtani,http://www.s-oil.com,서울특별시
1828,034730,KOSPI,SK,기타 금융업,"지주회사, 시스템통합(SI), 정보통신사업 관련 컨설팅,조사용역,정보통신기술 연구개발/정보통신기기,소프트웨어 개발,도매",2009-11-11,12월,"최태원, 장동현, 박성하",http://www.sk-inc.com/,서울특별시
1831,011790,KOSPI,SKC,기타 화학제품 제조업,"폴리에스테르필름,합성수지,LCD용 필름 제조",1997-07-18,12월,이완재,http://www.skc.kr,경기도
1833,001740,KOSPI,SK네트웍스,기타 전문 도매업,"종합무역업(전자전기제품,섬유,에너지화학제품,철강금속제품),의류,수입산합판,MDF판매,정보통신사업,에너지유통사업",1977-06-30,12월,"최신원, 박상규 (각자 대표이사)",http://www.sknetworks.co.kr,경기도
1835,006120,KOSPI,SK디스커버리,기타 금융업,"화섬사(폴리에스테르원사(폴리에스터F,폴리에스터SF),폴리에스터직물,아세테이트),석유화학부문(TPA,DMT),섬유원료,직물,BOTTLE용CHIP,접착제,폴리우레탄 제조,",1976-06-29,12월,"최창원, 김철, 박찬중",http://www.skdiscovery.com,경기도
1841,302440,KOSPI,SK바이오사이언스,기초 의약물질 및 생물학적 제제 제조업,백신 제품 및 제제,2021-03-18,12월,안재용,http://www.skbioscience.co.kr,경기도
1842,326030,KOSPI,SK바이오팜,자연과학 및 공학 연구개발업,신경질환 및 정신질환을 포함한 중추신경 관련 신약 개발,2020-07-02,12월,조정우,,경기도
1843,361610,KOSPI,SK아이이테크놀로지,일차전지 및 축전지 제조업,2차전지용 습식 분리막 및 폴더블 커버 윈도우,2021-05-11,12월,노재석,http://www.skietechnology.com/,서울특별시
1845,096770,KOSPI,SK이노베이션,석유 정제품 제조업,"석유정제,석유화학제품,윤활유제품,아스팔트제품,의약중간체 제조,판매,유전개발,대체에너지사업",2007-07-25,12월,김준,http://www.SKinnovation.com,서울특별시
1849,285130,KOSPI,SK케미칼,합성고무 및 플라스틱 물질 제조업,"PETG 수지, PET 수지, 바이오디젤, 백신",2018-01-05,12월,"김철, 전광현",http://www.skchemicals.com,경기도
1851,017670,KOSPI,SK텔레콤,전기 통신업,"이동전화,무선호출서비스,부가통신",1989-11-07,12월,박정호,http://www.sktelecom.com,서울특별시
1852,000660,KOSPI,SK하이닉스,반도체 제조업,"반도체,컴퓨터,통신기기 제조,도매",1996-12-26,12월,"박정호, 이석희 (각자대표)",http://www.skhynix.com,경기도
1856,064960,KOSPI,SNT모티브,자동차 신품 부품 제조업,"자동차부품(서스펜션모듈,전장품,속옵서버,에어백,트로틀바디,너클),방산품(총포) 제조,도매",2002-03-11,12월,김형철,http://www.sntdaewoo.com,부산광역시
2076,035250,KOSPI,강원랜드,유원지 및 기타 오락관련 서비스업,"카지노,관광호텔,골프장,스키장,체육시설 운영",2003-09-04,12월,"Lee, Sam-Geol",http://kangwonland.high1.com,강원도
2099,010130,KOSPI,고려아연,1차 비철금속 제조업,"연,아연괴 제조,판매",1990-07-28,12월,"최윤범, 노진수, 백순흠",http://www.koreazinc.co.kr,서울특별시
2149,011780,KOSPI,금호석유,기초 화학물질 제조업,"합성고무 SBR(스티렌부타디엔러버),BR(폴리부타디엔러버),합성수지,BD,라텍스 제조,도소매",1988-01-22,12월,백종훈,http://www.kkpc.com,서울특별시
2155,073240,KOSPI,금호타이어,고무제품 제조업,"타이어,튜브 제조,도매,무역",2005-02-17,12월,정일택,http://www.kumhotire.co.kr,광주광역시
2160,000270,KOSPI,기아,자동차용 엔진 및 자동차 제조업,"승용차,중대형버스,트럭,민수특수차량,군수차량 제조,판매,정비",1973-07-21,12월,"송호성,최준영(각자 대표이사)",http://www.kia.co.kr,서울특별시
2161,024110,KOSPI,기업은행,은행 및 저축기관,은행업,2003-12-24,12월,윤종원,http://www.kiupbank.co.kr,서울특별시
2218,002350,KOSPI,넥센타이어,고무제품 제조업,"타이어,후랩,고무제타이어(승용자동차용,래디알구조) 제조",1976-05-19,12월,대표이사 회장 강병중 대표이사 사장 강호찬,http://www.nexentire.com,경상남도
2228,251270,KOSPI,넷마블,소프트웨어 개발 및 공급업,온라인·모바일 게임 소프트웨어 개발 및 공급,2017-05-12,12월,"권영식, 이승원(각자 대표집행임원)",http://company.netmarble.com,서울특별시
2239,006280,KOSPI,녹십자,의약품 제조업,"알부민외 제조,판매",1989-08-01,12월,허은철,http://www.greencross.com,경기도
2244,005250,KOSPI,녹십자홀딩스,회사 본부 및 경영 컨설팅 서비스업,"알부민,유로키나제,간염백신,유행성출혈열백신 제조",1978-08-28,12월,"허일섭, 허용준",http://www.greencross.com,경기도
2247,004370,KOSPI,농심,기타 식품 제조업,"라면,스낵,유지 제조,도매,수출입",1976-06-30,12월,"신동원, 박 준",http://www.nongshim.com,서울특별시
2294,001680,KOSPI,대상,기타 식품 제조업,"전분,라이신,물엿,과당,포도당,MSG및 사료,조미료,항생제,핵산,커피 제조,도매/토목공사,건축공사",1970-04-01,12월,임정배,http://www.daesang.co.kr,서울특별시
2336,047040,KOSPI,대우건설,건물 건설업,"아파트건설,토목공사,건축공사,포장공사,전기공사,무역/중장비 대여",2001-03-23,12월,"김형, 정항기(각자 대표이사)",http://daewooenc.co.kr,서울특별시
2338,042660,KOSPI,대우조선해양,선박 및 보트 건조업,선박 제조,2001-02-02,12월,이성근,http://www.dsme.co.kr,경상남도
2339,003090,KOSPI,대웅,기타 금융업,"지주회사/의약품,화공약품,농예약품,위생용품,의료용구,식품,전기전자기구,부품 제조,판매",1973-06-26,12월,윤재춘,http://www.daewoong.com/,경기도
2340,069620,KOSPI,대웅제약,의약품 제조업,"양약,의료기기 제조/화장품,의약부의품 도소매/부동산 임대",2002-11-01,12월,"전승호, 윤재춘",http://www.daewoong.co.kr,경기도
2368,006650,KOSPI,대한유화,기초 화학물질 제조업,"폴리프로필렌,고밀도폴리에틸렌,나프타분해유분,올레핀류,혼합C4류,분해가솔린 제조",1999-08-11,12월,강길순,http://www.kpic.co.kr,서울특별시
2369,001440,KOSPI,대한전선,절연선 및 케이블 제조업,"전력선,통신케이블,적산계기,스텐레스압연제품,광케이블,초고압선,알루미늄 제조,도매/전기공사",1968-12-27,12월,나형균,http://www.taihan.com,경기도
2374,003490,KOSPI,대한항공,항공 여객 운송업,"여객운송,화물운송,항공기 제조,판매,정비수리/기내식 제조판매,면세품 판매",1966-03-18,12월,"조원태, 우기홍",http://www.koreanair.com,서울특별시
2384,192080,KOSPI,더블유게임즈,소프트웨어 개발 및 공급업,온라인 게임,2019-03-12,12월,김가람,,서울특별시
2411,001230,KOSPI,동국제강,1차 철강 제조업,"후판,철근,강판,형강,앵글,찬넬,평철 제조,판매",1988-05-09,12월,"장세욱, 김연극",http://www.dongkuk.co.kr,서울특별시
2419,026960,KOSPI,동서,음·식료품 및 담배 도매업,"식품 유통, 다류 및 연포장재 제조 등",2016-07-15,12월,김종원,http://www.dongsuh.com,서울특별시
2444,049770,KOSPI,동원F&B,기타 식품 제조업,"참치캔,음료,냉동식품 제조,판매",2000-11-23,12월,김재옥,http://www.dongwonfnb.com,서울특별시
2447,006040,KOSPI,동원산업,어로 어업,"원양어업,수산물가공(참치캔,맛김,어묵,맛살),도소매/음료사업(상쾌한아침)",1989-03-07,12월,이명우,http://dwml.co.kr/,서울특별시
2449,014820,KOSPI,동원시스템즈,플라스틱제품 제조업,포장용 플라스틱제품 제조 외,1994-03-29,12월,"조점근, 서범원",http://dongwonsystems.com/,경기도
2460,000150,KOSPI,두산,회사 본부 및 경영 컨설팅 서비스업,"동박적층판 등 제조 및 판매, 유압기기 등 제조 및 판매, 지게차 제조 및 판매, IT 시스템 개발/운영 서비스 등, 연료전지 등",1973-06-29,12월,"박정원, 김민철, 곽상철",http://www.doosancorp.co.kr,서울특별시
2462,241560,KOSPI,두산밥캣,특수 목적용 기계 제조업,"Compact Equipment, Heavy Equipment, Portable Power",2016-11-18,12월,"스캇성철박, 조덕제",http://www.doosanbobcat.com,경기도
2465,034020,KOSPI,두산중공업,일반 목적용 기계 제조업,"기관,터어빈,선박용엔진,주단조품,제강제품 제조/종합건설",2000-10-25,12월,"박지원, 정연인, 박상현",http://www.doosanheavy.com,경상남도
2468,336260,KOSPI,두산퓨얼셀,"전동기, 발전기 및 전기 변환 · 공급 · 제어 장치 제조업",연료전지,2019-10-18,12월,유수경,http://www.doosanfuelcell.com,전라북도
2548,032350,KOSPI,롯데관광개발,여행사 및 기타 여행보조 서비스업,"국내외여행알선,관광개발,전세운수,항공권매매대행",2006-06-08,12월,"김기병, 백현, 김한준",http://lottetour.com,제주특별자치도
2552,023530,KOSPI,롯데쇼핑,종합 소매업,"백화점(의류,식품 및 잡화),할인점 운영/전자상거래",2006-02-09,12월,강희태,http://www.lotteshoppingir.com/,서울특별시
2553,004000,KOSPI,롯데정밀화학,기초 화학물질 제조업,"염소·셀룰로스계열, 암모니아 계열, 전자재료 등 화학제품 제조",1976-04-15,12월,정경문,http://www.lottefinechem.com,울산광역시
2556,004990,KOSPI,롯데지주,기타 금융업,지주회사,1974-02-16,12월,"신동빈,송용덕,이동우",http://www.lotte.co.kr,서울특별시
2558,005300,KOSPI,롯데칠성,비알코올음료 및 얼음 제조업,"청량음료,과채류음료,곡류음료,주류 제조,판매/자동차정비,연수원",1973-06-21,12월,박윤기,http://company.lottechilsung.co.kr,서울특별시
2560,011170,KOSPI,롯데케미칼,기초 화학물질 제조업,"폴리프로필렌,고밀도폴리에틸렌,에틸렌글리콜,벤젠,에틸렌옥사이드,합성지,부산물 제조",1991-05-30,12월,"신동빈,김교현,이영준,황진구",http://www.lottechem.com,서울특별시
2562,071840,KOSPI,롯데하이마트,가전제품 및 정보통신장비 소매업,"가전제품,잡화 도소매/부동산 임대",2011-06-29,12월,황영근,http://company.himart.co.kr,서울특별시
2592,204320,KOSPI,만도,자동차 신품 부품 제조업,"제동장치, 조향장치, 현가장치",2014-10-06,12월,"정몽원, 김광헌, 조성현 (각자 대표이사)",http://www.mando.com,경기도
2640,008560,KOSPI,메리츠증권,금융 지원 서비스업,"유가증권의 위탁매매,자기매매,인수공모주선업무",1992-01-15,12월,최희문,http://www.imeritz.com,서울특별시
3784,006800,KOSPI,미래에셋증권,금융 지원 서비스업,"유가증권매매,유가증권위탁매매,유가증권인수",1975-09-30,12월,"최현만, 김재식",http://securities.miraeasset.com,서울특별시
3844,003850,KOSPI,보령제약,의약품 제조업,"의약품(제산제(겔포스),구심,용각산,고혈압치료제(카프릴),소염진통제(멘소레담),항생제(듀리세프),혈전치료제(아스트릭스)) 제조",1988-10-24,12월,장두현,http://www.boryung.co.kr,서울특별시
3849,003000,KOSPI,부광약품,의약품 제조업,"의약품,치약,의약부외품(부광탁스,레가론,부광안티프라그) 제조",1988-08-05,12월,유희원,http://www.bukwang.co.kr,서울특별시
3954,006400,KOSPI,삼성SDI,일차전지 및 축전지 제조업,"2차전지, 전자재료 제조 판매",1979-02-27,12월,전영현,http://www.samsungsdi.co.kr,경기도
3958,028260,KOSPI,삼성물산,기타 전문 도매업,"도소매, 건설, 남자용 정장 제조업 등",2014-12-18,12월,"고정석, 오세철, 한승환",http://www.samsungcnt.com,서울특별시
3960,207940,KOSPI,삼성바이오로직스,기초 의약물질 및 생물학적 제제 제조업,바이오의약품,2016-11-10,12월,임존종보 (Rim John Chongbo),http://www.samsungbiologics.com,인천광역시
3961,032830,KOSPI,삼성생명,보험업,"생명보험,부동산 임대",2010-05-12,12월,전영묵,http://www.samsunglife.com,서울특별시
3963,018260,KOSPI,삼성에스디에스,"컴퓨터 프로그래밍, 시스템 통합 및 관리업","IT서비스, 물류BPO",2014-11-14,12월,황성우,http://www.samsungsds.com,서울특별시
3964,028050,KOSPI,삼성엔지니어링,"건축기술, 엔지니어링 및 관련 기술 서비스업","산업설비,건물,구축물,토목시설의 설계,시공,공사감리",1996-12-24,12월,최성안,http://www.samsungengineering.co.kr,서울특별시
3965,009150,KOSPI,삼성전기,전자부품 제조업,"영상,음향,통신장비,모듈,다층인쇄회로기판,적층세라믹콘덴서,고주파필터,전압제어발진기,온도보상형수정발진기,칩인덕터,디지털위성방송수신기,광픽업,편향코일",1979-02-27,12월,경계현,http://www.sem.samsung.co.kr,경기도
3967,005930,KOSPI,삼성전자,통신 및 방송 장비 제조업,"IMT2000 서비스용 동기식 기지국,교환국장비,데이터단말기,동영상휴대폰,핵심칩,반도체제품,사무,계산 및 회계용기계",1975-06-11,12월,"김기남, 김현석, 고동진",http://www.sec.co.kr,경기도
3970,010140,KOSPI,삼성중공업,선박 및 보트 건조업,"선박(벌크선,원유운반선),철구조물,에너지플랜트 생산,판매/토목건축업",1994-01-28,12월,정진택,http://www.samsungshi.com,경기도
3972,016360,KOSPI,삼성증권,금융 지원 서비스업,"유가증권의 매매,위탁매매,인수주선",1988-03-28,12월,장석훈,http://www.samsungpop.com,서울특별시
3974,029780,KOSPI,삼성카드,기타 금융업,"신용카드업,상품신용판매,현금서비스,카드론,리스,기업대출,여행업무,통신판매",2007-06-27,12월,김대환,http://www.samsungcard.co.kr,서울특별시
3975,000810,KOSPI,삼성화재,보험업,"손해보험의 원수,재보험,운용자산의 투자활동",1975-06-30,12월,최영무,http://www.samsungfire.com,서울특별시
3981,003230,KOSPI,삼양식품,기타 식품 제조업,"라면,스낵,유제품,장유,식용유,사료,향신료,건강음료(루이보스 티) 제조,도매",1975-06-30,12월,"정태운, 진종기",http://www.samyangfoods.com,서울특별시
3985,000070,KOSPI,삼양홀딩스,기타 금융업,"지주회사,경영자문컨설팅",1968-12-27,12월,"엄태웅, 윤재엽",http://www.samyang.com,서울특별시
4091,004490,KOSPI,세방전지,일차전지 및 축전지 제조업,"자동차용 및 산업용 축전지(연축전지) 제조,판매",1987-11-28,12월,"대표이사 원성연, 대표이사 차주호",http://www.gbattery.com,서울특별시
4126,068270,KOSPI,셀트리온,기초 의약물질 및 생물학적 제제 제조업,"램시마, 트룩시마, 허쥬마",2018-02-09,12월,기우성,http://www.celltrion.com,인천광역시
4191,004170,KOSPI,신세계,종합 소매업,"백화점,할인점(E마트)",1985-08-19,12월,차정호,http://www.shinsegae.com,서울특별시
4194,031430,KOSPI,신세계인터내셔날,"섬유, 의복, 신발 및 가죽제품 소매업","섬유, 의복, 신발 및 가죽제품 소매",2011-07-14,12월,"장재영, 이길한, 손문국 (각자대표)",http://www.sikorea.co.kr,서울특별시
4210,019170,KOSPI,신풍제약,의약품 제조업,"의약품(항생제,혈전용해제,향정신성약품,구충제) 제조,판매",1990-01-20,12월,유 제 만,http://www.shinpoong.co.kr,경기도
4353,055550,KOSPI,신한지주,기타 금융업,금융지주회사,2001-09-10,12월,조용병,http://www.shinhangroup.com,서울특별시
4365,003410,KOSPI,쌍용C&E,"시멘트, 석회, 플라스터 및 그 제품 제조업",시멘트(크링카),1975-05-03,12월,"홍사승, 이현준 (각자)대표집행임원",http://www.ssangyongcement.co.kr,서울특별시
4389,112610,KOSPI,씨에스윈드,"구조용 금속제품, 탱크 및 증기발생기 제조업",풍력발전타워 제조,2014-11-27,12월,"김성권, 김승범",http://www.cswind.com,충청남도
4408,002790,KOSPI,아모레G,기타 화학제품 제조업,지주회사,1973-04-30,12월,"서경배, 김승환",http://www.apgroup.com,서울특별시
4411,090430,KOSPI,아모레퍼시픽,기타 화학제품 제조업,"화장품,생활용품 제조, 판매",2006-06-29,12월,"서경배, 안세홍",http://www.apgroup.com,서울특별시
4431,020560,KOSPI,아시아나항공,항공 여객 운송업,"항공운송(여객운송,화물운송)/항공기 제조,정비수리",2008-03-28,12월,정성권,http://www.flyasiana.com,서울특별시
4445,010780,KOSPI,아이에스동서,"내화, 비내화 요업제품 제조업","타일,위생도기,콘크리트파일,P.C관,침목 제조,도매",1986-01-27,12월,"허석헌, 정원호, 김갑진(각자 대표이사)",http://www.isdongseo.co.kr,서울특별시
4542,012750,KOSPI,에스원,"경비, 경호 및 탐정업","부가통신 서비스(경비),안전관리용역,CCTV카메라",1996-01-30,12월,"노희찬, 모리야 키요시",http://www.s1.co.kr,서울특별시
4631,036570,KOSPI,엔씨소프트,소프트웨어 개발 및 공급업,"인터넷머그게임(리니지),그룹웨어,인터넷커뮤니티 개발,유지,공급",2003-05-22,12월,김택진,http://www.ncsoft.net,서울특별시
4690,111770,KOSPI,영원무역,상품 종합 도매업,스포츠의류,2009-07-30,12월,성기학,,서울특별시
4692,003520,KOSPI,영진약품,의약품 제조업,"의약품(드링크제,항생제,영양수액제),의약부외품 제조,판매",1973-06-25,12월,이재준,http://www.yungjin.co.kr,서울특별시
4693,000670,KOSPI,영풍,1차 비철금속 제조업,"제1차 금속산업(아연괴,황산,카드뮴괴),건전지 제조,무역",1976-06-12,12월,"이강인, 박영민",http://www.ypzinc.co.kr,서울특별시
4707,007310,KOSPI,오뚜기,기타 식품 제조업,"라면,마요네즈,카레,스프,당면,소오스,토마토케첩,마가린,냉동생지(바게트,크로와상),참치캔,식초,3분짜장 제조",1994-08-12,12월,"함영준, 황성만",http://www.ottogi.co.kr,경기도
4714,271560,KOSPI,오리온,기타 식품 제조업,스낵 등 과자류,2017-07-07,12월,이경재,http://www.orionworld.com,서울특별시
4715,001800,KOSPI,오리온홀딩스,기타 금융업,자회사 관리 지주사업 등,1975-06-27,12월,허인철,http://www.oriongroup.co.kr,서울특별시
4756,316140,KOSPI,우리금융지주,기타 금융업,금융지주,2019-02-13,12월,손태승,http://www.woorifg.com/,서울특별시
4882,000100,KOSPI,유한양행,의약품 제조업,"의약품(삐콤씨,알마겔,세파졸린주사,아코텍스주사,이세파신,신생아호흡곤란치료제 등),생활용품(유한락스,비누,홈키파),식혜 도매",1962-11-01,12월,대표이사 조욱제,http://www.yuhan.co.kr,서울특별시
4897,214320,KOSPI,이노션,광고업,광고대행 및 광고물의 제작 등,2015-07-17,12월,이용우,http://www.innocean.com,서울특별시
4913,139480,KOSPI,이마트,종합 소매업,대형마트,2011-06-10,12월,강희석,http://emartcompany.com/ko/main.do,서울특별시
5015,007570,KOSPI,일양약품,의약품 제조업,"일반의약품(원비디,영비천,아진탈,디세텔,노루모산),항암제(베타-이뮤난),전문의약품 제조,판매,수출입",1974-08-28,12월,김동연,http://www.ilyang.co.kr,경기도
5021,020150,KOSPI,일진머티리얼즈,전자부품 제조업,"인쇄회로기판(PCB)용 전해동박(ACF,UCF),에폭시용 동박,전해콘덴서용 알루미늄박 제조,판매",2011-03-04,12월,"정병국, 양점식 (각자대표)",http://www.iljinm.co.kr,전라북도
5076,030000,KOSPI,제일기획,광고업,"광고 대행/광고물,영화 제작,인쇄,출판",1998-03-03,12월,유정근,http://www.cheil.co.kr,서울특별시
5104,185750,KOSPI,종근당,의약품 제조업,"딜라트렌,리피로우",2013-12-06,12월,김영주,http://www.ckdpharm.com,서울특별시
5117,013890,KOSPI,지누스,가구 제조업,매트리스 및 가구제품,2019-10-30,12월,이윤재,http://www.zinus.co.kr,경기도
5174,035720,KOSPI,카카오,"자료처리, 호스팅, 포털 및 기타 인터넷 정보매개 서비스업",인터넷 서비스(인터넷 광고),2017-07-10,12월,"여민수, 조수용",http://www.kakaocorp.com,제주특별자치도
5176,323410,KOSPI,카카오뱅크,은행 및 저축기관,은행 및 금융서비스,2021-08-06,12월,윤호영,,경기도
5248,192820,KOSPI,코스맥스,기타 화학제품 제조업,화장품,2014-04-07,12월,"이병만, 심상배",http://www.cosmax.com,경기도
5266,120110,KOSPI,코오롱인더,화학섬유 제조업,"산업자재, 화학, 필름",2010-02-01,12월,"장희구, 유석진",,서울특별시
5270,021240,KOSPI,코웨이,그외 기타 개인 서비스업,"렌탈 서비스(정수기,비데, 필터교환 등), 가정용기기 도매,판매,제조,폐기물처리설비,수출(정수기,청정기)",2001-08-07,12월,"이해선, 서장원",http://www.coway.co.kr,충청남도
5282,192400,KOSPI,쿠쿠홀딩스,기타 금융업,주방용 전기기기 제조업,2014-08-06,12월,구본학,http://www.cuckoo.co.kr,경상남도
5283,284740,KOSPI,쿠쿠홈시스,개인 및 가정용품 임대업,"정수기, 공기청정기 등",2018-01-11,12월,구본학,"http://www,cuckoo.co.kr",경기도
5299,259960,KOSPI,크래프톤,소프트웨어 개발 및 공급업,등 게임 소프트웨어,2021-08-10,12월,김창한,http://www.krafton.com,서울특별시
5313,039490,KOSPI,키움증권,금융 지원 서비스업,"유가증권의 매매, 위탁, 인수, 주선",2009-08-03,12월,이 현,http://www.kiwoom.com,서울특별시
5332,003240,KOSPI,태광산업,화학섬유 제조업,"석유화학제품(PTA,AN),화섬사,직물 등",1975-12-27,12월,"정찬식, 박재용 (각자 대표이사)",http://www.taekwang.co.kr,서울특별시
5428,028670,KOSPI,팬오션,해상 운송업,"해상화물운송(외항,운수보관)",2007-09-21,12월,"김홍국, 안중호(각자 대표이사)",http://www.panocean.com,서울특별시
5443,047050,KOSPI,포스코인터내셔널,상품 중개업,"무역(철강,화학,자동차부품),수출주선,대행,알선,가공원단,폴리우레탄,자동차시트 제조",2001-03-23,12월,대표이사 사장 주시보,http://www.poscointl.com,서울특별시
5444,003670,KOSPI,포스코케미칼,"내화, 비내화 요업제품 제조업","내화물, 생석회, 음극재 및 양극재",2019-05-29,12월,민경준,http://www.poscochemical.com/,경상북도
5460,103140,KOSPI,풍산,1차 비철금속 제조업,,2008-07-30,12월,"류진, 박우동",http://www.poongsan.co.kr,경기도
5511,086790,KOSPI,하나금융지주,기타 금융업,기타 금융,2005-12-12,12월,김정태,http://www.hanafn.com,서울특별시
5533,352820,KOSPI,하이브,오디오물 출판 및 원판 녹음업,"음악 기획/제작, 퍼블리싱, 아티스트 매니지먼트",2020-10-15,12월,박지원,http://www.bighitcorp.com,서울특별시
5542,000080,KOSPI,하이트진로,알코올음료 제조업,소주,2009-10-19,12월,김인규,http://www.hitejinro.com,서울특별시
7080,036460,KOSPI,한국가스공사,연료용 가스 제조 및 배관공급업,"액화천연가스 공급,제조,도매,개발",1999-12-15,12월,채희봉,http://www.kogas.or.kr,대구광역시
7083,071050,KOSPI,한국금융지주,기타 금융업,금융지주회사,2003-07-21,12월,김남구,http://www.koreaholdings.com,서울특별시
7097,000240,KOSPI,한국앤컴퍼니,기타 금융업,비금융지주회사,1968-12-27,12월,조현범,http://www.hankook-technologygroup.com,경기도
7100,015760,KOSPI,한국전력,전기업,"전력자원개발,발전,송전,전력용기자재확보",1989-08-10,12월,정승일,http://www.kepco.co.kr,전라남도
7109,009540,KOSPI,한국조선해양,선박 및 보트 건조업,"선박,해양구조물,엔진,펌프 전동기,중전기,중장비 제조/자동창고,물류시스템",1999-08-24,12월,"권오갑, 가삼현 (각자 대표이사)",http://www.ksoe.co.kr,서울특별시
7118,161890,KOSPI,한국콜마,기타 화학제품 제조업,"화장품, 의약품",2012-10-19,12월,안병준,,세종특별자치시
7121,161390,KOSPI,한국타이어앤테크놀로지,고무제품 제조업,타이어 제조,2012-10-04,12월,이수일,http://www.hankooktire.com,경기도
7133,047810,KOSPI,한국항공우주,"항공기,우주선 및 부품 제조업","정부방산 및 완제기 수출(T-50계열, KUH계열, KT-1계열 등), 기체부품",2011-06-30,12월,안현호,http://www.koreaaero.com,경상남도
7146,008930,KOSPI,한미사이언스,기타 금융업,"항생제(세포탁심,세포트리악손),유산균정장제(메디락비타,메디락베베),위장관운동조절개선제(설프라이드),고혈압치료제(유니바스크),원료의약품,식품 제조,판매",1988-06-20,12월,"송영숙, 임종윤(각자대표)",http://www.hanmiscience.co.kr,경기도
7147,128940,KOSPI,한미약품,의약품 제조업,의약품,2010-07-30,12월,"우종수, 권세창",,경기도
7149,009240,KOSPI,한샘,생활용품 도매업,"주방가구(씽크대),인테리어가구 판매,제조/주택신축판매",2002-07-16,12월,"조창걸, 강승수",http://www.hanssem.com,경기도
7150,020000,KOSPI,한섬,봉제의복 제조업,"여성의류,금속 액세서리,신발,가방,선글라스 제조,판매",1996-07-03,12월,김민덕,http://www.handsome.co.kr,서울특별시
7152,105630,KOSPI,한세실업,봉제의복 제조업,의류 완제품,2009-03-20,12월,"김익환, 조희선",http://www.hansae.com,서울특별시
7159,014680,KOSPI,한솔케미칼,기초 화학물질 제조업,"과산화수소,라텍스,요소수지,수소액화탄산,차아황산소다 제조,판매,디지털카메라용 인화필름 제조,수출",1989-05-20,12월,박원환,http://www.hansolchemical.com,서울특별시
7171,018880,KOSPI,한온시스템,일반 목적용 기계 제조업,"자동차용부품(라디에이터,히터,에어콘,압축기,콘덴서,컴퓨레사) 제조,도매",1996-07-31,12월,각자대표집행임원 2인 - 성민석(대표집행임원) - 너달 쿠추카야(대표집행임원),http://www.hanonsystems.com,대전광역시
7172,009420,KOSPI,한올바이오파마,의약품 제조업,"의약품 제조,도매/부동산 임대",1989-12-18,12월,"박승국,정승원(공동대표이사)",http://www.hanall.co.kr,대전광역시
7183,051600,KOSPI,한전KPS,전기 및 통신 공사업,"일반전기공사,발전설비정비공사,점검,수리,엔지니어링",2007-12-14,12월,김홍연,http://www.kps.co.kr,전라남도
7184,052690,KOSPI,한전기술,"건축기술, 엔지니어링 및 관련 기술 서비스업",원자력발전소 설계 등,2009-12-14,12월,김성암,http://www.kepco-enc.com,경상북도
7191,180640,KOSPI,한진칼,항공 여객 운송업,"지주사업, 경영자문 및 컨설팅",2013-09-16,12월,"조원태, 석태수",http://www.hanjinkal.co.kr,서울특별시
7204,000880,KOSPI,한화,기타 화학제품 제조업,"화약,화공품,자동선반류,공작기계 제조,전자교환기,건설,정보통신,종합무역/임직원 및 개인대상 교육,세미나 및 워크샵 중계,동영상광고",1976-06-24,12월,"금춘수, 옥경석, 김승모, 김맹윤",http://www.hanwhacorp.co.kr,서울특별시
7208,088350,KOSPI,한화생명,보험업,생명보험,2010-03-17,12월,여승주,http://www.hanwhalife.com,서울특별시
7210,009830,KOSPI,한화솔루션,기초 화학물질 제조업,"합성수지,유화부문(LDPE,LLDPE)제품 제조,플라스틱가공품(PVC),CA,무기화학제품,부동산업",1974-06-19,12월,"이구영, 김희철, 류두형, 김동관, 김은수",http://hcc.hanwha.co.kr,서울특별시
7212,272210,KOSPI,한화시스템,전자부품 제조업,"정밀기기(육해공군관련전자제어시스템,열영상감시장비,탐지추적장치,전투지휘체계시스템) 제조",2019-11-13,12월,어성철,http://hanwhasystems.com,경상북도
7214,012450,KOSPI,한화에어로스페이스,"항공기,우주선 및 부품 제조업","항공기엔진,특수방산장비 제조/정비사업",1987-05-27,12월,Shin Hyun Woo,http://www.hanwhaaerospace.co.kr/,경상남도
7230,000720,KOSPI,현대건설,토목 건설업,"공사수입,주택분양,건설산업부문 설계,감리 등 엔지니어링서비스",1984-12-22,12월,윤영준,http://www.hdec.kr,서울특별시
7235,005440,KOSPI,현대그린푸드,종합 소매업,"백화점,여행알선,숙박,음식점/부동산 임대",1989-08-22,12월,박홍진 (단독 대표이사),http://www.hyundaigreenfood.com,경기도
7236,086280,KOSPI,현대글로비스,기타 운송관련 서비스업,"화물운송주선,화물포장,자동차 수리/산업용 기계장비 임대",2005-12-26,12월,김정훈,http://www.glovis.net,서울특별시
7237,042670,KOSPI,현대두산인프라코어,특수 목적용 기계 제조업,"굴삭기,엔진 제조,도소매",2001-02-02,12월,손동연,http://www.doosaninfracore.com,인천광역시
7238,064350,KOSPI,현대로템,철도장비 제조업,"철도차량, 특수중기, 산업기계",2013-10-30,12월,이용배,http://www.hyundai-rotem.co.kr,경상남도
7240,012330,KOSPI,현대모비스,자동차 신품 부품 제조업,"자동차A/S용 부품,컨테이너,특수중기,산업기계제품 생산,판매,부품모듈화,부품수출사업,환경/플랜트사업,특수중기부문(컨테이너)",1989-09-05,12월,"정의선, 조성환",http://www.mobis.co.kr,서울특별시
7242,010620,KOSPI,현대미포조선,선박 및 보트 건조업,"선박수리,선박개조,선박신조",1983-12-20,12월,신현대,http://www.hmd.co.kr,울산광역시
7245,069960,KOSPI,현대백화점,종합 소매업,백화점,2002-11-25,12월,"정지선, 장호진, 김형종 (각자대표)",http://home.e-hyundai.com,서울특별시
7253,017800,KOSPI,현대엘리베이,일반 목적용 기계 제조업,"엘리베이터,에스컬레이터,공항,공정,크린룸,병원 물류시스템,수,배송센터,고속소팅시스템,주차설비 제조,판매,보수",1996-07-03,12월,송승봉,http://www.hyundaielevator.co.kr,경기도
7255,011210,KOSPI,현대위아,자동차 신품 부품 제조업,"자동차부품, 공작기계 등",2011-02-21,12월,정재욱,http://www.hyundai-wia.com,경상남도
7262,004020,KOSPI,현대제철,1차 철강 제조업,"H형강,제철,제강,철근,압연,스테인레스,주강,시트파일 제조,수출입,중기부품(탱크바퀴)제조,판매",1987-05-23,12월,안동일,http://www.hyundai-steel.com,인천광역시
7264,267250,KOSPI,현대중공업지주,석유 정제품 제조업,지주회사,2017-05-10,12월,권오갑,http://www.hyundai-holdings.co.kr,서울특별시
7265,005380,KOSPI,현대차,자동차용 엔진 및 자동차 제조업,"자동차(승용차,버스,트럭,특장차),자동차부품,자동차전착도료 제조,차량정비사업",1974-06-28,12월,"정의선, 하언태, 장재훈(각자 대표이사)",http://www.hyundai.com,서울특별시
7273,001450,KOSPI,현대해상,보험업,손해보험(자동차보험),1989-08-25,12월,"조용일, 이성재",http://www.hi.co.kr,서울특별시
7274,057050,KOSPI,현대홈쇼핑,무점포 소매업,TV홈쇼핑 도소매/홈쇼핑프로그램 제작,2010-09-13,12월,"정교선, 임대규(각자 대표이사)",http://www.hmall.com,서울특별시
7283,008770,KOSPI,호텔신라,기타 상품 전문 소매업,"면세판매,관광숙박,외식사업,예식업",1991-03-12,12월,이부진,http://www.hotelshilla.net,서울특별시
7290,241590,KOSPI,화승엔터프라이즈,신발 및 신발 부분품 제조업,,2016-10-04,12월,이계영,http://www.hsenterprise.co.kr,부산광역시
7301,004800,KOSPI,효성,기타 금융업,"스판덱스,합성원사,나일론,폴리에스터,타이어코드지,PET병,수지제품,중전기제품(변압기,차단기),사무용기계,컴퓨터 제조/건축공사",1973-06-30,12월,"Hyun-Joon Cho, Kyoo-Young Kim",http://www.hyosung.com,서울특별시
7305,298050,KOSPI,효성첨단소재,화학섬유 제조업,PET타이어코드,2018-07-13,12월,황정모,http://www.hyosungadvancedmaterials.com,서울특별시
7306,298020,KOSPI,효성티앤씨,화학섬유 제조업,"섬유, 산업자재, 화학, 중공업, 건설, 무역,금융 등",2018-07-13,12월,김용섭,http://www.hyosungtnc.com,서울특별시
7308,093370,KOSPI,후성,기초 화학물질 제조업,"불소화물 제조,도매",2006-12-22,12월,허국,http://www.foosungchem.com,경기도
7310,081660,KOSPI,휠라홀딩스,생활용품 도매업,"스포츠의류,신발,가방,시계,골프장비,화장품,가죽제품(지갑,키홀더) 도매,수출입",2010-09-28,12월,윤근창,http://www.filaholdings.com/kr/main/index.asp,서울특별시
7329,069260,KOSPI,휴켐스,기타 화학제품 제조업,"화합물,화학제품 제조",2002-10-07,12월,신진용,http://www.huchems.com,서울특별시
